gene	marker_id	chrom	pos	ref	alt	marker_type
ABCG2	rs2231142	chr4	88131171	G	T	snp
CFTR	rs113993958	chr7	117530953	G	C	snp
CFTR	rs115545701	chr7	117509089	C	T	snp
CFTR	rs11971167	chr7	117642528	G	A	snp
CFTR	rs121908752	chr7	117535285	T	G	snp
CFTR	rs121908753	chr7	117540285	G	A	snp
CFTR	rs121908755	chr7	117587800	G	A	snp
CFTR	rs121908757	chr7	117587799	A	C	snp
CFTR	rs121909005	chr7	117587801	T	G	snp
CFTR	rs121909013	chr7	117587805	G	A	snp
CFTR	rs121909020	chr7	117611640	G	A	snp
CFTR	rs121909021	chr7	117540276	C	T	snp
CFTR	rs121909041	chr7	117642483	T	C	snp
CFTR	rs121909044	chr7	117587812	G	A	snp
CFTR	rs140883683	chr7	117611599	C	T	snp
CFTR	rs141033578	chr7	117606695	C	T	snp
CFTR	rs142773283	chr7	117603729	T	C	snp
CFTR	rs144055758	chr7	117610625	A	G	snp
CFTR	rs144476686	chr7	117540188	T	G	snp
CFTR	rs145449046	chr7	117592541	C	G	snp
CFTR	rs149279509	chr7	117610571	A	G	snp
CFTR	rs150157202	chr7	117592427	G	A	snp
CFTR	rs150212784	chr7	117611595	T	G	snp
CFTR	rs151048781	chr7	117603730	G	A	snp
CFTR	rs151048781	chr7	117603730	G	C	snp
CFTR	rs151048781	chr7	117603730	G	T	snp
CFTR	rs1800076	chr7	117509093	G	A	snp
CFTR	rs1800079	chr7	117534295	G	A	snp
CFTR	rs1800097	chr7	117590357	G	A	snp
CFTR	rs1800098	chr7	117590400	G	C	snp
CFTR	rs1800100	chr7	117592169	C	T	snp
CFTR	rs1800103	chr7	117592588	A	G	snp
CFTR	rs1800110	chr7	117603774	T	C	snp
CFTR	rs1800111	chr7	117610521	G	C	snp
CFTR	rs1800111	chr7	117610521	G	T	snp
CFTR	rs1800112	chr7	117610610	T	C	snp
CFTR	rs1800120	chr7	117627538	G	T	snp
CFTR	rs186045772	chr7	117611663	T	A	snp
CFTR	rs186089140	chr7	117592377	C	T	snp
CFTR	rs193922525	chr7	117664770	G	A	snp
CFTR	rs200321110	chr7	117611646	G	A	snp
CFTR	rs201759207	chr7	117603644	G	A	snp
CFTR	rs201958172	chr7	117530983	G	A	snp
CFTR	rs202179988	chr7	117611649	C	T	snp
CFTR	rs2116683801	chr7	117540161	T	C	snp
CFTR	rs267606723	chr7	117642451	G	A	snp
CFTR	rs35516286	chr7	117531068	T	C	snp
CFTR	rs368505753	chr7	117509069	C	T	snp
CFTR	rs376008630	chr7	117535248	G	A	snp
CFTR	rs376008630	chr7	117535248	G	C	snp
CFTR	rs386134230	chr7	117606674	G	A	snp
CFTR	rs397508153	chr7	117540306	A	G	snp
CFTR	rs397508256	chr7	117509035	G	A	snp
CFTR	rs397508288	chr7	117590409	A	G	snp
CFTR	rs397508300	chr7	117590439	G	A	snp
CFTR	rs397508378	chr7	117592631	G	A	snp
CFTR	rs397508387	chr7	117594930	G	T	snp
CFTR	rs397508436	chr7	117603671	A	G	snp
CFTR	rs397508440	chr7	117603690	A	G	snp
CFTR	rs397508442	chr7	117603708	C	T	snp
CFTR	rs397508513	chr7	117611620	A	C	snp
CFTR	rs397508537	chr7	117530955	C	A	snp
CFTR	rs397508556	chr7	117614660	A	G	snp
CFTR	rs397508572	chr7	117627528	T	C	snp
CFTR	rs397508573	chr7	117627529	C	T	snp
CFTR	rs397508602	chr7	117642465	G	A	snp
CFTR	rs397508602	chr7	117642465	G	C	snp
CFTR	rs397508616	chr7	117642564	T	C	snp
CFTR	rs397508621	chr7	117642592	A	G	snp
CFTR	rs397508678	chr7	117664848	A	C	snp
CFTR	rs397508721	chr7	117531079	A	G	snp
CFTR	rs397508744	chr7	117534309	A	G	snp
CFTR	rs397508748	chr7	117534319	G	A	snp
CFTR	rs397508758	chr7	117534361	A	G	snp
CFTR	rs397508759	chr7	117534363	G	A	snp
CFTR	rs397508761	chr7	117534368	A	G	snp
CFTR	rs397508783	chr7	117535363	T	A	snp
CFTR	rs397508784	chr7	117535377	C	G	snp
CFTR	rs397508785	chr7	117535379	G	C	snp
CFTR	rs74503330	chr7	117642472	G	A	snp
CFTR	rs74551128	chr7	117548795	C	A	snp
CFTR	rs74571530	chr7	117559594	T	C	snp
CFTR	rs75039782	chr7	117639961	C	T	snp
CFTR	rs75527207	chr7	117587806	G	A	snp
CFTR	rs75541969	chr7	117614699	G	C	snp
CFTR	rs75763344	chr7	117540171	G	A	snp
CFTR	rs758818611	chr7	117667104	T	C	snp
CFTR	rs76151804	chr7	117611555	A	G	snp
CFTR	rs769016520	chr7	117535369	C	A	snp
CFTR	rs77409459	chr7	117540243	C	T	snp
CFTR	rs77834169	chr7	117530974	C	G	snp
CFTR	rs77834169	chr7	117530974	C	T	snp
CFTR	rs77902683	chr7	117642568	G	T	snp
CFTR	rs77932196	chr7	117540270	G	A	snp
CFTR	rs77932196	chr7	117540270	G	T	snp
CFTR	rs78655421	chr7	117530975	G	A	snp
CFTR	rs78655421	chr7	117530975	G	C	snp
CFTR	rs78655421	chr7	117530975	G	T	snp
CFTR	rs78769542	chr7	117611650	G	A	snp
CFTR	rs80224560	chr7	117602868	G	A	snp
CFTR	rs80282562	chr7	117534318	G	A	snp
CYP2B6	rs117872433	chr19	41016741	G	A	star
CYP2B6	rs12721655	chr19	41004377	A	G	star
CYP2B6	rs139029625	chr19	41010006	G	C	star
CYP2B6	rs139801276	chr19	41004303	T	C	star
CYP2B6	rs141666881	chr19	41004435	G	A	star
CYP2B6	rs145884402	chr19	41004406	G	T	star
CYP2B6	rs148009906	chr19	41004133	G	A	star
CYP2B6	rs186335453	chr19	41004158	G	T	star
CYP2B6	rs193922917	chr19	41010108	C	A	star
CYP2B6	rs193922918	chr19	41012740	G	A	star
CYP2B6	rs200238771	chr19	41012478	T	A	star
CYP2B6	rs200458614	chr19	41012466	G	A	star
CYP2B6	rs201500445	chr19	41012471	T	C	star
CYP2B6	rs2279343	chr19	41009358	A	G	star
CYP2B6	rs2516199080	chr19	41016805	A	T	star
CYP2B6	rs281864907	chr19	41004015	T	A	star
CYP2B6	rs28399499	chr19	41012316	T	C	star
CYP2B6	rs3211369	chr19	41016726	A	G	star
CYP2B6	rs3211371	chr19	41016810	C	A	star
CYP2B6	rs3211371	chr19	41016810	C	T	star
CYP2B6	rs33926104	chr19	40991390	C	A	star
CYP2B6	rs33973337	chr19	40991381	A	T	star
CYP2B6	rs33980385	chr19	40991388	A	G	star
CYP2B6	rs34097093	chr19	41012465	C	T	star
CYP2B6	rs34223104	chr19	40991224	T	C	star
CYP2B6	rs34284776	chr19	40991391	G	C	star
CYP2B6	rs34698757	chr19	41010088	C	G	star
CYP2B6	rs34826503	chr19	41012339	C	T	star
CYP2B6	rs34883432	chr19	40991367	A	T	star
CYP2B6	rs35010098	chr19	41012803	C	A	star
CYP2B6	rs35303484	chr19	40991441	A	G	star
CYP2B6	rs35773040	chr19	41004381	G	A	star
CYP2B6	rs35979566	chr19	41012693	T	A	star
CYP2B6	rs36056539	chr19	41006923	C	T	star
CYP2B6	rs36060847	chr19	41004125	G	A	star
CYP2B6	rs36079186	chr19	41007013	T	C	star
CYP2B6	rs373489637	chr19	41006968	T	G	star
CYP2B6	rs374099483	chr19	41016679	G	A	star
CYP2B6	rs3745274	chr19	41006936	G	T	star
CYP2B6	rs3826711	chr19	41006919	C	G	star
CYP2B6	rs45482602	chr19	41009350	C	A	star
CYP2B6	rs535039125	chr19	41004380	C	T	star
CYP2B6	rs564083989	chr19	41016778	G	A	star
CYP2B6	rs58871670	chr19	41006967	G	A	star
CYP2B6	rs754621576	chr19	41012393	T	C	star
CYP2B6	rs764288403	chr19	41016652	G	A	star
CYP2B6	rs780991919	chr19	41012394	A	G	star
CYP2B6	rs8192709	chr19	40991369	C	T	star
CYP2C19	rs113934938	chr10	94842995	G	A	star
CYP2C19	rs118203756	chr10	94775160	G	C	star
CYP2C19	rs118203757	chr10	94842879	G	A	star
CYP2C19	rs118203759	chr10	94852785	C	G	star
CYP2C19	rs12248560	chr10	94761900	C	T	star
CYP2C19	rs12769205	chr10	94775367	A	G	star
CYP2C19	rs1288601658	chr10	94775185	A	G	star
CYP2C19	rs138142612	chr10	94842861	G	A	star
CYP2C19	rs140278421	chr10	94780574	G	C	star
CYP2C19	rs145328984	chr10	94775106	C	T	star
CYP2C19	rs1564656981	chr10	94762788	A	T	star
CYP2C19	rs1564657013	chr10	94762856	A	G	star
CYP2C19	rs1564660997	chr10	94775121	C	T	star
CYP2C19	rs17879685	chr10	94849995	C	T	star
CYP2C19	rs17882687	chr10	94762760	A	C	star
CYP2C19	rs17884712	chr10	94775489	G	A	star
CYP2C19	rs17885179	chr10	94775423	A	C	star
CYP2C19	rs192154563	chr10	94852765	C	T	star
CYP2C19	rs28399504	chr10	94762706	A	G	star
CYP2C19	rs367543002	chr10	94762712	C	T	star
CYP2C19	rs367543003	chr10	94762715	T	C	star
CYP2C19	rs370803989	chr10	94780579	G	A	star
CYP2C19	rs375781227	chr10	94781944	G	A	star
CYP2C19	rs3758581	chr10	94842866	A	G	star
CYP2C19	rs41291556	chr10	94775416	T	C	star
CYP2C19	rs4244285	chr10	94781859	G	A	star
CYP2C19	rs4986893	chr10	94780653	G	A	star
CYP2C19	rs55640102	chr10	94852914	A	C	star
CYP2C19	rs55752064	chr10	94762755	T	C	star
CYP2C19	rs56337013	chr10	94852738	C	T	star
CYP2C19	rs57700608	chr10	94780544	A	G	star
CYP2C19	rs58973490	chr10	94775507	G	A	star
CYP2C19	rs6413438	chr10	94781858	C	T	star
CYP2C19	rs72552267	chr10	94775453	G	A	star
CYP2C19	rs72558186	chr10	94781999	T	A	star
CYP2C9	rs1057910	chr10	94981296	A	C	star
CYP2C9	rs114071557	chr10	94938683	A	G	star
CYP2C9	rs1216169538	chr10	94941915	G	A	star
CYP2C9	rs1237225311	chr10	94972233	C	T	star
CYP2C9	rs12414460	chr10	94942231	G	A	star
CYP2C9	rs1250577724	chr10	94981302	C	A	star
CYP2C9	rs1254213342	chr10	94986136	A	C	star
CYP2C9	rs1274535931	chr10	94981230	C	A	star
CYP2C9	rs1289704600	chr10	94942306	C	T	star
CYP2C9	rs1297714792	chr10	94981258	C	T	star
CYP2C9	rs1326630788	chr10	94947917	T	C	star
CYP2C9	rs1364419386	chr10	94938800	G	A	star
CYP2C9	rs1375956433	chr10	94942243	T	G	star
CYP2C9	rs141489852	chr10	94942291	G	A	star
CYP2C9	rs142240658	chr10	94938771	C	T	star
CYP2C9	rs1441296358	chr10	94986174	G	C	star
CYP2C9	rs17847037	chr10	94942308	C	T	star
CYP2C9	rs1799853	chr10	94942290	C	T	star
CYP2C9	rs182132442	chr10	94972119	C	A	star
CYP2C9	rs199523631	chr10	94942254	C	T	star
CYP2C9	rs200183364	chr10	94942255	G	A	star
CYP2C9	rs200965026	chr10	94942249	C	G	star
CYP2C9	rs200965026	chr10	94942249	C	T	star
CYP2C9	rs202201137	chr10	94988925	A	G	star
CYP2C9	rs2031308986	chr10	94938803	A	G	star
CYP2C9	rs2031531005	chr10	94947938	A	T	star
CYP2C9	rs2256871	chr10	94949217	A	G	star
CYP2C9	rs2492587526	chr10	94947869	A	G	star
CYP2C9	rs2492591692	chr10	94949144	C	T	star
CYP2C9	rs2492634549	chr10	94972134	A	G	star
CYP2C9	rs2492650213	chr10	94981365	C	T	star
CYP2C9	rs2492662738	chr10	94988855	A	T	star
CYP2C9	rs2492662839	chr10	94988880	G	T	star
CYP2C9	rs2493006942	chr10	94941975	G	A	star
CYP2C9	rs28371685	chr10	94981224	C	T	star
CYP2C9	rs28371686	chr10	94981301	C	G	star
CYP2C9	rs367826293	chr10	94981225	G	A	star
CYP2C9	rs369745682	chr10	94949184	T	C	star
CYP2C9	rs370100007	chr10	94947939	G	T	star
CYP2C9	rs371055887	chr10	94941897	G	C	star
CYP2C9	rs375805362	chr10	94942233	C	T	star
CYP2C9	rs530507053	chr10	94942240	C	T	star
CYP2C9	rs542577750	chr10	94981371	G	A	star
CYP2C9	rs546318684	chr10	94972194	A	C	star
CYP2C9	rs56165452	chr10	94981297	T	C	star
CYP2C9	rs564813580	chr10	94938828	A	G	star
CYP2C9	rs57505750	chr10	94981201	T	C	star
CYP2C9	rs578144976	chr10	94981305	C	G	star
CYP2C9	rs67807361	chr10	94938737	C	A	star
CYP2C9	rs72558187	chr10	94941958	T	C	star
CYP2C9	rs72558189	chr10	94942234	G	A	star
CYP2C9	rs72558189	chr10	94942234	G	T	star
CYP2C9	rs72558190	chr10	94947782	C	A	star
CYP2C9	rs72558192	chr10	94972179	A	G	star
CYP2C9	rs72558193	chr10	94986073	A	C	star
CYP2C9	rs749060448	chr10	94981281	G	A	star
CYP2C9	rs750820937	chr10	94981250	C	A	star
CYP2C9	rs754487195	chr10	94942305	G	A	star
CYP2C9	rs761033063	chr10	94941976	G	C	star
CYP2C9	rs762239445	chr10	94941982	G	T	star
CYP2C9	rs764211126	chr10	94986042	A	G	star
CYP2C9	rs767284820	chr10	94988955	T	C	star
CYP2C9	rs767576260	chr10	94942230	C	T	star
CYP2C9	rs769942899	chr10	94988917	G	C	star
CYP2C9	rs772782449	chr10	94949145	C	T	star
CYP2C9	rs774550549	chr10	94947785	C	T	star
CYP2C9	rs774607211	chr10	94942216	A	G	star
CYP2C9	rs776908257	chr10	94988852	C	T	star
CYP2C9	rs781583846	chr10	94988984	G	A	star
CYP2C9	rs7900194	chr10	94942309	G	A	star
CYP2C9	rs7900194	chr10	94942309	G	T	star
CYP2C9	rs868182778	chr10	94989023	G	T	star
CYP2C9	rs9332130	chr10	94949280	A	G	star
CYP2C9	rs9332239	chr10	94989020	C	T	star
CYP2C9	rs988617574	chr10	94972180	C	G	star
CYP2D6	rs1058164	chr22	42129130	C	G	star
CYP2D6	rs1058172	chr22	42127526	C	T	star
CYP2D6	rs1065852	chr22	42130692	G	A	star
CYP2D6	rs1135822	chr22	42129180	A	T	star
CYP2D6	rs1135823	chr22	42129174	C	A	star
CYP2D6	rs1135824	chr22	42129042	T	C	star
CYP2D6	rs1135825	chr22	42129037	G	T	star
CYP2D6	rs1135826	chr22	42129036	A	C	star
CYP2D6	rs1135828	chr22	42128181	A	T	star
CYP2D6	rs1135829	chr22	42127973	T	C	star
CYP2D6	rs1135832	chr22	42126667	C	G	star
CYP2D6	rs1135833	chr22	42126663	G	C	star
CYP2D6	rs1135835	chr22	42126660	T	C	star
CYP2D6	rs1135836	chr22	42126658	A	G	star
CYP2D6	rs1135837	chr22	42126633	C	G	star
CYP2D6	rs1135840	chr22	42126611	C	G	star
CYP2D6	rs1180015037	chr22	42129155	C	T	star
CYP2D6	rs118203758	chr22	42130667	C	T	star
CYP2D6	rs138100349	chr22	42130710	G	A	star
CYP2D6	rs1406719554	chr22	42127922	A	G	star
CYP2D6	rs140900383	chr22	42128340	G	A	star
CYP2D6	rs141009491	chr22	42127631	C	G	star
CYP2D6	rs1415188318	chr22	42129899	C	T	star
CYP2D6	rs141756339	chr22	42126647	C	T	star
CYP2D6	rs141824015	chr22	42127605	T	G	star
CYP2D6	rs1440526469	chr22	42126578	C	T	star
CYP2D6	rs1456026511	chr22	42129887	A	C	star
CYP2D6	rs1459127426	chr22	42128926	T	C	star
CYP2D6	rs1477736084	chr22	42129880	G	T	star
CYP2D6	rs148769737	chr22	42128217	G	T	star
CYP2D6	rs150163869	chr22	42128813	G	A	star
CYP2D6	rs150216909	chr22	42127842	G	A	star
CYP2D6	rs1555888899	chr22	42127514	A	G	star
CYP2D6	rs1555888910	chr22	42127523	A	G	star
CYP2D6	rs1602566413	chr22	42126962	C	G	star
CYP2D6	rs16947	chr22	42127941	G	A	star
CYP2D6	rs17002853	chr22	42128325	A	G	star
CYP2D6	rs1931013246	chr22	42126956	T	G	star
CYP2D6	rs199535154	chr22	42128812	A	G	star
CYP2D6	rs201006451	chr22	42129044	G	A	star
CYP2D6	rs201377835	chr22	42129910	C	G	star
CYP2D6	rs202102799	chr22	42127556	T	C	star
CYP2D6	rs2146937045	chr22	42128879	A	G	star
CYP2D6	rs267608276	chr22	42129827	C	G	star
CYP2D6	rs267608295	chr22	42127593	G	A	star
CYP2D6	rs267608295	chr22	42127593	G	C	star
CYP2D6	rs267608297	chr22	42128235	G	A	star
CYP2D6	rs267608302	chr22	42129071	T	A	star
CYP2D6	rs267608302	chr22	42129071	T	G	star
CYP2D6	rs267608308	chr22	42129780	C	T	star
CYP2D6	rs267608309	chr22	42129821	G	A	star
CYP2D6	rs267608310	chr22	42129836	G	A	star
CYP2D6	rs267608313	chr22	42130719	G	A	star
CYP2D6	rs267608319	chr22	42126749	C	T	star
CYP2D6	rs28371696	chr22	42130715	C	T	star
CYP2D6	rs28371703	chr22	42129819	G	T	star
CYP2D6	rs28371704	chr22	42129809	T	C	star
CYP2D6	rs28371706	chr22	42129770	G	A	star
CYP2D6	rs28371706	chr22	42129770	G	T	star
CYP2D6	rs28371710	chr22	42129075	C	T	star
CYP2D6	rs28371717	chr22	42128308	C	A	star
CYP2D6	rs28371725	chr22	42127803	C	T	star
CYP2D6	rs28371733	chr22	42126914	C	T	star
CYP2D6	rs28371735	chr22	42126636	G	A	star
CYP2D6	rs28371736	chr22	42126619	G	A	star
CYP2D6	rs3021084	chr22	42126877	G	A	star
CYP2D6	rs367543000	chr22	42128212	G	A	star
CYP2D6	rs369177208	chr22	42126719	C	T	star
CYP2D6	rs373243894	chr22	42130670	G	A	star
CYP2D6	rs373813287	chr22	42128329	G	A	star
CYP2D6	rs374616348	chr22	42129183	C	A	star
CYP2D6	rs374616348	chr22	42129183	C	T	star
CYP2D6	rs375135093	chr22	42129113	A	G	star
CYP2D6	rs376636053	chr22	42129156	A	G	star
CYP2D6	rs377725912	chr22	42128351	C	T	star
CYP2D6	rs3892097	chr22	42128945	C	T	star
CYP2D6	rs3915951	chr22	42127634	C	A	star
CYP2D6	rs5030862	chr22	42130668	C	T	star
CYP2D6	rs5030865	chr22	42129033	C	A	star
CYP2D6	rs5030865	chr22	42129033	C	T	star
CYP2D6	rs5030867	chr22	42127856	T	G	star
CYP2D6	rs532668079	chr22	42126746	C	T	star
CYP2D6	rs535642512	chr22	42129759	C	T	star
CYP2D6	rs536109057	chr22	42130638	G	A	star
CYP2D6	rs538707090	chr22	42128876	C	T	star
CYP2D6	rs556882139	chr22	42128932	C	T	star
CYP2D6	rs563185985	chr22	42129753	C	G	star
CYP2D6	rs566108360	chr22	42127602	C	T	star
CYP2D6	rs567606867	chr22	42128807	C	T	star
CYP2D6	rs568495591	chr22	42126605	G	A	star
CYP2D6	rs569229126	chr22	42129098	T	C	star
CYP2D6	rs569439709	chr22	42126752	C	T	star
CYP2D6	rs59421388	chr22	42127608	C	T	star
CYP2D6	rs61736512	chr22	42129132	C	T	star
CYP2D6	rs61736517	chr22	42127565	T	C	star
CYP2D6	rs61745683	chr22	42127512	C	T	star
CYP2D6	rs72549347	chr22	42127590	G	A	star
CYP2D6	rs72549348	chr22	42127619	T	G	star
CYP2D6	rs72549349	chr22	42127841	C	G	star
CYP2D6	rs72549358	chr22	42130773	C	T	star
CYP2D6	rs730882251	chr22	42126747	G	A	star
CYP2D6	rs74478221	chr22	42126624	C	T	star
CYP2D6	rs745365204	chr22	42128848	C	T	star
CYP2D6	rs747089665	chr22	42126926	G	A	star
CYP2D6	rs747884067	chr22	42128878	C	A	star
CYP2D6	rs747998333	chr22	42126622	A	G	star
CYP2D6	rs74802369	chr22	42129771	T	A	star
CYP2D6	rs748712690	chr22	42127610	T	C	star
CYP2D6	rs751092905	chr22	42126735	C	T	star
CYP2D6	rs75386357	chr22	42127473	C	T	star
CYP2D6	rs75467367	chr22	42126623	G	C	star
CYP2D6	rs755518310	chr22	42128864	C	T	star
CYP2D6	rs76088846	chr22	42127589	C	T	star
CYP2D6	rs760940331	chr22	42126715	C	T	star
CYP2D6	rs76187628	chr22	42129779	A	G	star
CYP2D6	rs763964554	chr22	42126896	G	A	star
CYP2D6	rs766391487	chr22	42129166	A	C	star
CYP2D6	rs766507177	chr22	42126635	T	G	star
CYP2D6	rs76802407	chr22	42129799	G	C	star
CYP2D6	rs769157652	chr22	42126938	C	T	star
CYP2D6	rs769258	chr22	42130761	C	T	star
CYP2D6	rs77312092	chr22	42127457	C	T	star
CYP2D6	rs773790593	chr22	42130778	G	A	star
CYP2D6	rs774943042	chr22	42129056	C	G	star
CYP2D6	rs77913725	chr22	42128185	C	T	star
CYP2D6	rs781457579	chr22	42129134	G	A	star
CYP2D6	rs78209835	chr22	42127611	C	T	star
CYP2D6	rs78459009	chr22	42129765	T	C	star
CYP2D6	rs78482768	chr22	42129087	G	C	star
CYP2D6	rs79292917	chr22	42127852	C	T	star
CYP2D6	rs949717872	chr22	42127938	T	G	star
CYP2D6	rs993385303	chr22	42128332	C	T	star
CYP3A5	rs10264272	chr7	99665212	C	T	star
CYP3A5	rs28383479	chr7	99660516	C	T	star
CYP3A5	rs55817950	chr7	99676198	G	A	star
CYP3A5	rs776746	chr7	99672916	T	C	star
CYP4F2	rs114099324	chr19	15897566	C	G	snp
CYP4F2	rs114396708	chr19	15895527	G	A	snp
CYP4F2	rs115517770	chr19	15897473	G	A	snp
CYP4F2	rs138971789	chr19	15879412	C	T	snp
CYP4F2	rs142113670	chr19	15879413	G	A	snp
CYP4F2	rs144233412	chr19	15889671	C	A	snp
CYP4F2	rs144455532	chr19	15895560	G	T	snp
CYP4F2	rs145174239	chr19	15886018	G	C	snp
CYP4F2	rs145875499	chr19	15892541	C	T	snp
CYP4F2	rs148396222	chr19	15895526	C	T	snp
CYP4F2	rs150579280	chr19	15895551	T	C	snp
CYP4F2	rs200629062	chr19	15892379	G	A	snp
CYP4F2	rs201380574	chr19	15897466	C	T	snp
CYP4F2	rs2108622	chr19	15879621	C	T	snp
CYP4F2	rs3093105	chr19	15897578	A	C	snp
CYP4F2	rs3093153	chr19	15890405	C	A	snp
CYP4F2	rs3093200	chr19	15878779	G	T	snp
CYP4F2	rs3952537	chr19	15878886	G	C	snp
CYP4F2	rs4020346	chr19	15878920	T	C	snp
CYP4F2	rs556151888	chr19	15892398	G	A	snp
NAT2	rs1208	chr8	18400806	G	A	star
NAT2	rs12720065	chr8	18400406	C	G	star
NAT2	rs138707146	chr8	18400641	C	T	star
NAT2	rs139351995	chr8	18400475	A	C	star
NAT2	rs139512288	chr8	18400494	T	C	star
NAT2	rs1464413878	chr8	18400070	A	C	star
NAT2	rs148566670	chr8	18400826	T	A	star
NAT2	rs149283608	chr8	18400124	A	T	star
NAT2	rs150329557	chr8	18400685	C	T	star
NAT2	rs1799930	chr8	18400593	G	A	star
NAT2	rs1799931	chr8	18400860	G	A	star
NAT2	rs1801279	chr8	18400194	G	A	star
NAT2	rs1801280	chr8	18400344	T	C	star
NAT2	rs1805158	chr8	18400193	C	T	star
NAT2	rs183409091	chr8	18400349	G	A	star
NAT2	rs200585149	chr8	18400509	A	G	star
NAT2	rs200893121	chr8	18400010	A	G	star
NAT2	rs201339185	chr8	18400054	C	G	star
NAT2	rs2535896050	chr8	18400267	G	A	star
NAT2	rs369500066	chr8	18400521	A	G	star
NAT2	rs375746304	chr8	18400592	C	T	star
NAT2	rs45477599	chr8	18400073	T	A	star
NAT2	rs45518335	chr8	18400686	C	T	star
NAT2	rs45607939	chr8	18400616	A	T	star
NAT2	rs45618543	chr8	18400612	G	T	star
NAT2	rs4986996	chr8	18400367	G	A	star
NAT2	rs532310930	chr8	18400061	G	T	star
NAT2	rs537007806	chr8	18400478	T	A	star
NAT2	rs539346244	chr8	18400799	G	A	star
NAT2	rs549917500	chr8	18400324	C	A	star
NAT2	rs55700793	chr8	18400769	A	G	star
NAT2	rs56054745	chr8	18400848	A	G	star
NAT2	rs561124342	chr8	18400251	G	C	star
NAT2	rs56387565	chr8	18400625	T	C	star
NAT2	rs56393504	chr8	18400841	G	A	star
NAT2	rs568110818	chr8	18400653	T	A	star
NAT2	rs572750517	chr8	18400539	A	G	star
NAT2	rs72466456	chr8	18400032	T	C	star
NAT2	rs72466457	chr8	18400155	G	T	star
NAT2	rs72466458	chr8	18400206	G	A	star
NAT2	rs72466460	chr8	18400461	C	T	star
NAT2	rs72554617	chr8	18400502	G	A	star
NAT2	rs756616433	chr8	18400707	T	G	star
NAT2	rs761741098	chr8	18400599	T	C	star
NAT2	rs774002627	chr8	18400583	C	G	star
NAT2	rs79050330	chr8	18400581	C	T	star
NAT2	rs910738034	chr8	18400805	A	G	star
SLCO1B1	rs11045819	chr12	21176879	C	A	star
SLCO1B1	rs11045852	chr12	21196951	A	G	star
SLCO1B1	rs11045853	chr12	21196976	G	A	star
SLCO1B1	rs1228465562	chr12	21202553	T	G	star
SLCO1B1	rs139257324	chr12	21172734	C	T	star
SLCO1B1	rs140790673	chr12	21239158	C	T	star
SLCO1B1	rs141467543	chr12	21178612	A	G	star
SLCO1B1	rs142965323	chr12	21202664	G	A	star
SLCO1B1	rs145144129	chr12	21176871	G	C	star
SLCO1B1	rs183501729	chr12	21196975	C	T	star
SLCO1B1	rs185905373	chr12	21141575	A	T	star
SLCO1B1	rs200331427	chr12	21178653	C	G	star
SLCO1B1	rs200994482	chr12	21224840	G	A	star
SLCO1B1	rs200995543	chr12	21239145	C	T	star
SLCO1B1	rs201722521	chr12	21178926	A	G	star
SLCO1B1	rs2306282	chr12	21176868	A	G	star
SLCO1B1	rs2306283	chr12	21176804	A	G	star
SLCO1B1	rs34671512	chr12	21239042	A	C	star
SLCO1B1	rs373327528	chr12	21172776	G	A	star
SLCO1B1	rs4149056	chr12	21178615	T	C	snp
SLCO1B1	rs556524705	chr12	21172675	G	C	star
SLCO1B1	rs55737008	chr12	21239113	A	G	star
SLCO1B1	rs55901008	chr12	21200595	T	C	star
SLCO1B1	rs56101265	chr12	21172782	T	C	star
SLCO1B1	rs56199088	chr12	21239077	A	G	star
SLCO1B1	rs59113707	chr12	21202555	C	G	star
SLCO1B1	rs59502379	chr12	21205999	G	C	star
SLCO1B1	rs61760182	chr12	21172735	G	A	star
SLCO1B1	rs71581941	chr12	21222355	C	T	star
SLCO1B1	rs72559747	chr12	21200544	C	G	star
SLCO1B1	rs72559748	chr12	21205921	A	G	star
SLCO1B1	rs74064213	chr12	21206031	A	G	star
SLCO1B1	rs756393362	chr12	21200673	G	A	star
SLCO1B1	rs77271279	chr12	21176898	G	T	star
SLCO1B1	rs79135870	chr12	21178957	A	G	star
VKORC1	rs9923231	chr16	31096368	C	T	snp
