gene	star	marker_id	required_allele
CYP2B6	*10	rs34883432	T
CYP2B6	*10	rs8192709	T
CYP2B6	*11	rs35303484	G
CYP2B6	*12	rs36060847	A
CYP2B6	*13	rs12721655	G
CYP2B6	*13	rs2279343	G
CYP2B6	*13	rs3745274	T
CYP2B6	*14	rs35773040	A
CYP2B6	*15	rs35979566	A
CYP2B6	*16	rs2516199080	T
CYP2B6	*17	rs33926104	A
CYP2B6	*17	rs33973337	T
CYP2B6	*17	rs33980385	G
CYP2B6	*17	rs34284776	C
CYP2B6	*18	rs2279343	G
CYP2B6	*18	rs28399499	C
CYP2B6	*19	rs2279343	G
CYP2B6	*19	rs34826503	T
CYP2B6	*19	rs3745274	T
CYP2B6	*2	rs8192709	T
CYP2B6	*20	rs2279343	G
CYP2B6	*20	rs36056539	T
CYP2B6	*20	rs3745274	T
CYP2B6	*21	rs35010098	A
CYP2B6	*22	rs34223104	C
CYP2B6	*23	rs3211369	G
CYP2B6	*24	rs564083989	A
CYP2B6	*25	rs2516199080	T
CYP2B6	*26	rs2279343	G
CYP2B6	*26	rs3745274	T
CYP2B6	*26	rs3826711	G
CYP2B6	*27	rs36079186	C
CYP2B6	*28	rs34097093	T
CYP2B6	*28	rs34698757	G
CYP2B6	*29	rs2516199080	T
CYP2B6	*3	rs45482602	A
CYP2B6	*31	rs193922917	A
CYP2B6	*32	rs193922918	A
CYP2B6	*33	rs3211371	A
CYP2B6	*34	rs2279343	G
CYP2B6	*34	rs3211371	A
CYP2B6	*34	rs34223104	C
CYP2B6	*34	rs3745274	T
CYP2B6	*35	rs139029625	C
CYP2B6	*35	rs139801276	C
CYP2B6	*35	rs145884402	T
CYP2B6	*35	rs186335453	T
CYP2B6	*35	rs34223104	C
CYP2B6	*35	rs36079186	C
CYP2B6	*36	rs2279343	G
CYP2B6	*36	rs34223104	C
CYP2B6	*36	rs3745274	T
CYP2B6	*37	rs2279343	G
CYP2B6	*37	rs373489637	G
CYP2B6	*37	rs3745274	T
CYP2B6	*38	rs2279343	G
CYP2B6	*38	rs281864907	A
CYP2B6	*38	rs3745274	T
CYP2B6	*39	rs2279343	G
CYP2B6	*39	rs2516199080	T
CYP2B6	*39	rs3745274	T
CYP2B6	*39	rs535039125	T
CYP2B6	*4	rs2279343	G
CYP2B6	*40	rs200458614	A
CYP2B6	*40	rs2279343	G
CYP2B6	*40	rs3745274	T
CYP2B6	*41	rs201500445	C
CYP2B6	*41	rs2279343	G
CYP2B6	*41	rs3745274	T
CYP2B6	*42	rs2279343	G
CYP2B6	*42	rs374099483	A
CYP2B6	*42	rs3745274	T
CYP2B6	*43	rs117872433	A
CYP2B6	*43	rs2279343	G
CYP2B6	*43	rs3745274	T
CYP2B6	*44	rs148009906	A
CYP2B6	*45	rs58871670	A
CYP2B6	*47	rs754621576	C
CYP2B6	*47	rs780991919	G
CYP2B6	*48	rs200238771	A
CYP2B6	*49	rs764288403	A
CYP2B6	*5	rs3211371	T
CYP2B6	*50	rs141666881	A
CYP2B6	*50	rs2516199080	T
CYP2B6	*50	rs34223104	C
CYP2B6	*6	rs2279343	G
CYP2B6	*6	rs3745274	T
CYP2B6	*7	rs2279343	G
CYP2B6	*7	rs3211371	T
CYP2B6	*7	rs3745274	T
CYP2B6	*8	rs12721655	G
CYP2B6	*9	rs3745274	T
CYP2C19	*10	rs3758581	G
CYP2C19	*10	rs6413438	T
CYP2C19	*11	rs3758581	G
CYP2C19	*11	rs58973490	A
CYP2C19	*12	rs3758581	G
CYP2C19	*12	rs55640102	C
CYP2C19	*13	rs17879685	T
CYP2C19	*13	rs3758581	G
CYP2C19	*14	rs3758581	G
CYP2C19	*14	rs55752064	C
CYP2C19	*15	rs17882687	C
CYP2C19	*15	rs3758581	G
CYP2C19	*16	rs192154563	T
CYP2C19	*17	rs12248560	T
CYP2C19	*17	rs28399504	G
CYP2C19	*17	rs3758581	G
CYP2C19	*18	rs138142612	A
CYP2C19	*18	rs3758581	G
CYP2C19	*19	rs1564657013	G
CYP2C19	*19	rs3758581	G
CYP2C19	*2	rs12769205	G
CYP2C19	*2	rs3758581	G
CYP2C19	*2	rs4244285	A
CYP2C19	*2	rs58973490	A
CYP2C19	*22	rs140278421	C
CYP2C19	*22	rs3758581	G
CYP2C19	*23	rs118203756	C
CYP2C19	*23	rs3758581	G
CYP2C19	*24	rs118203757	A
CYP2C19	*24	rs3758581	G
CYP2C19	*25	rs118203759	G
CYP2C19	*25	rs3758581	G
CYP2C19	*26	rs375781227	A
CYP2C19	*26	rs3758581	G
CYP2C19	*27	rs28399504	G
CYP2C19	*28	rs113934938	A
CYP2C19	*28	rs17882687	C
CYP2C19	*28	rs3758581	G
CYP2C19	*29	rs1564656981	T
CYP2C19	*29	rs3758581	G
CYP2C19	*3	rs3758581	G
CYP2C19	*3	rs4986893	A
CYP2C19	*30	rs145328984	T
CYP2C19	*31	rs1564660997	T
CYP2C19	*31	rs3758581	G
CYP2C19	*32	rs1288601658	G
CYP2C19	*32	rs3758581	G
CYP2C19	*33	rs370803989	A
CYP2C19	*33	rs3758581	G
CYP2C19	*34	rs367543002	T
CYP2C19	*34	rs367543003	C
CYP2C19	*35	rs12769205	G
CYP2C19	*35	rs17882687	C
CYP2C19	*35	rs3758581	G
CYP2C19	*36	rs28399504	G
CYP2C19	*38	rs113934938	A
CYP2C19	*38	rs118203756	C
CYP2C19	*38	rs118203757	A
CYP2C19	*38	rs118203759	G
CYP2C19	*38	rs12248560	T
CYP2C19	*38	rs12769205	G
CYP2C19	*38	rs1288601658	G
CYP2C19	*38	rs138142612	A
CYP2C19	*38	rs140278421	C
CYP2C19	*38	rs145328984	T
CYP2C19	*38	rs1564656981	T
CYP2C19	*38	rs1564657013	G
CYP2C19	*38	rs1564660997	T
CYP2C19	*38	rs17879685	T
CYP2C19	*38	rs17882687	C
CYP2C19	*38	rs17884712	A
CYP2C19	*38	rs17885179	C
CYP2C19	*38	rs192154563	T
CYP2C19	*38	rs28399504	G
CYP2C19	*38	rs367543002	T
CYP2C19	*38	rs367543003	C
CYP2C19	*38	rs370803989	A
CYP2C19	*38	rs375781227	A
CYP2C19	*38	rs3758581	G
CYP2C19	*38	rs41291556	C
CYP2C19	*38	rs4244285	A
CYP2C19	*38	rs4986893	A
CYP2C19	*38	rs55640102	C
CYP2C19	*38	rs55752064	C
CYP2C19	*38	rs56337013	T
CYP2C19	*38	rs57700608	G
CYP2C19	*38	rs58973490	A
CYP2C19	*38	rs6413438	T
CYP2C19	*38	rs72552267	A
CYP2C19	*38	rs72558186	A
CYP2C19	*39	rs17882687	C
CYP2C19	*39	rs17885179	C
CYP2C19	*39	rs3758581	G
CYP2C19	*4	rs12248560	T
CYP2C19	*4	rs28399504	G
CYP2C19	*4	rs3758581	G
CYP2C19	*40	rs367543002	T
CYP2C19	*40	rs367543003	C
CYP2C19	*40	rs3758581	G
CYP2C19	*41	rs3758581	G
CYP2C19	*41	rs57700608	G
CYP2C19	*5	rs3758581	G
CYP2C19	*5	rs56337013	T
CYP2C19	*6	rs3758581	G
CYP2C19	*6	rs72552267	A
CYP2C19	*7	rs3758581	G
CYP2C19	*7	rs72558186	A
CYP2C19	*8	rs3758581	G
CYP2C19	*8	rs41291556	C
CYP2C19	*9	rs17884712	A
CYP2C19	*9	rs3758581	G
CYP2C9	*10	rs9332130	G
CYP2C9	*11	rs28371685	T
CYP2C9	*12	rs9332239	T
CYP2C9	*13	rs72558187	C
CYP2C9	*14	rs72558189	A
CYP2C9	*15	rs72558190	A
CYP2C9	*16	rs72558192	G
CYP2C9	*17	rs2492650213	T
CYP2C9	*18	rs1057910	C
CYP2C9	*18	rs72558193	C
CYP2C9	*19	rs769942899	C
CYP2C9	*2	rs1799853	T
CYP2C9	*20	rs371055887	C
CYP2C9	*21	rs142240658	T
CYP2C9	*22	rs2031308986	G
CYP2C9	*23	rs1216169538	A
CYP2C9	*24	rs749060448	A
CYP2C9	*26	rs200965026	G
CYP2C9	*27	rs7900194	T
CYP2C9	*28	rs2031531005	T
CYP2C9	*29	rs182132442	A
CYP2C9	*3	rs1057910	C
CYP2C9	*30	rs781583846	A
CYP2C9	*31	rs57505750	C
CYP2C9	*32	rs868182778	T
CYP2C9	*33	rs200183364	A
CYP2C9	*34	rs367826293	A
CYP2C9	*35	rs1799853	T
CYP2C9	*35	rs72558189	T
CYP2C9	*36	rs114071557	G
CYP2C9	*36	rs28371686	G
CYP2C9	*37	rs564813580	G
CYP2C9	*38	rs761033063	C
CYP2C9	*39	rs762239445	T
CYP2C9	*4	rs56165452	C
CYP2C9	*41	rs774607211	G
CYP2C9	*42	rs12414460	A
CYP2C9	*43	rs767576260	T
CYP2C9	*44	rs200965026	T
CYP2C9	*45	rs199523631	T
CYP2C9	*46	rs754487195	A
CYP2C9	*47	rs774550549	T
CYP2C9	*48	rs1326630788	C
CYP2C9	*5	rs28371686	G
CYP2C9	*50	rs2492591692	T
CYP2C9	*51	rs2492634549	G
CYP2C9	*52	rs988617574	G
CYP2C9	*53	rs1237225311	T
CYP2C9	*54	rs750820937	A
CYP2C9	*55	rs1250577724	A
CYP2C9	*56	rs764211126	G
CYP2C9	*58	rs1274535931	A
CYP2C9	*59	rs2492662738	T
CYP2C9	*60	rs767284820	C
CYP2C9	*61	rs1799853	T
CYP2C9	*61	rs202201137	G
CYP2C9	*62	rs1216169538	A
CYP2C9	*62	rs375805362	T
CYP2C9	*63	rs1216169538	A
CYP2C9	*63	rs141489852	A
CYP2C9	*66	rs578144976	G
CYP2C9	*67	rs776908257	T
CYP2C9	*68	rs1057910	C
CYP2C9	*68	rs542577750	A
CYP2C9	*69	rs2492587526	G
CYP2C9	*7	rs67807361	A
CYP2C9	*70	rs2492662839	T
CYP2C9	*71	rs1216169538	A
CYP2C9	*71	rs9332130	G
CYP2C9	*71	rs9332239	T
CYP2C9	*72	rs1216169538	A
CYP2C9	*72	rs1289704600	T
CYP2C9	*73	rs17847037	T
CYP2C9	*74	rs1216169538	A
CYP2C9	*74	rs370100007	T
CYP2C9	*75	rs1254213342	C
CYP2C9	*76	rs1216169538	A
CYP2C9	*76	rs1364419386	A
CYP2C9	*77	rs2493006942	A
CYP2C9	*78	rs1375956433	G
CYP2C9	*79	rs1297714792	T
CYP2C9	*8	rs7900194	A
CYP2C9	*82	rs772782449	T
CYP2C9	*84	rs1441296358	C
CYP2C9	*86	rs1216169538	A
CYP2C9	*86	rs369745682	C
CYP2C9	*87	rs546318684	C
CYP2C9	*88	rs530507053	T
CYP2C9	*9	rs2256871	G
CYP2D6	*10	rs1058164	G
CYP2D6	*10	rs1065852	A
CYP2D6	*10	rs1135840	G
CYP2D6	*100	rs1058164	G
CYP2D6	*100	rs1065852	A
CYP2D6	*100	rs1135840	G
CYP2D6	*101	rs1058164	G
CYP2D6	*101	rs1065852	A
CYP2D6	*101	rs1135840	G
CYP2D6	*102	rs1058164	G
CYP2D6	*102	rs1135840	G
CYP2D6	*102	rs16947	A
CYP2D6	*102	rs267608309	A
CYP2D6	*103	rs1058164	G
CYP2D6	*103	rs1135824	C
CYP2D6	*103	rs1135840	G
CYP2D6	*103	rs16947	A
CYP2D6	*103	rs267608309	A
CYP2D6	*104	rs1058164	G
CYP2D6	*104	rs1135840	G
CYP2D6	*104	rs16947	A
CYP2D6	*105	rs1058164	G
CYP2D6	*105	rs1135840	G
CYP2D6	*105	rs1555888910	G
CYP2D6	*105	rs16947	A
CYP2D6	*106	rs28371733	T
CYP2D6	*107	rs61736512	T
CYP2D6	*108	rs202102799	C
CYP2D6	*108	rs61736517	C
CYP2D6	*109	rs59421388	T
CYP2D6	*11	rs1058164	G
CYP2D6	*11	rs1135840	G
CYP2D6	*11	rs16947	A
CYP2D6	*11	rs201377835	G
CYP2D6	*110	rs751092905	T
CYP2D6	*111	rs1058164	G
CYP2D6	*111	rs1135840	G
CYP2D6	*111	rs16947	A
CYP2D6	*111	rs535642512	T
CYP2D6	*112	rs568495591	A
CYP2D6	*113	rs569439709	T
CYP2D6	*114	rs1065852	A
CYP2D6	*114	rs1135837	G
CYP2D6	*114	rs1135840	G
CYP2D6	*114	rs16947	A
CYP2D6	*115	rs1135829	C
CYP2D6	*116	rs141009491	G
CYP2D6	*117	rs1058164	G
CYP2D6	*117	rs1135840	G
CYP2D6	*117	rs16947	A
CYP2D6	*117	rs78209835	T
CYP2D6	*119	rs28371725	T
CYP2D6	*12	rs1058164	G
CYP2D6	*12	rs1135840	G
CYP2D6	*12	rs16947	A
CYP2D6	*12	rs28371710	T
CYP2D6	*12	rs5030862	T
CYP2D6	*121	rs1058164	G
CYP2D6	*121	rs1135824	C
CYP2D6	*121	rs1135825	T
CYP2D6	*121	rs1135826	C
CYP2D6	*121	rs1135840	G
CYP2D6	*121	rs16947	A
CYP2D6	*122	rs61745683	T
CYP2D6	*123	rs1058164	G
CYP2D6	*123	rs1135840	G
CYP2D6	*123	rs1406719554	G
CYP2D6	*123	rs16947	A
CYP2D6	*123	rs28371725	T
CYP2D6	*124	rs1135837	G
CYP2D6	*124	rs150163869	A
CYP2D6	*125	rs1058164	G
CYP2D6	*125	rs1135840	G
CYP2D6	*125	rs16947	A
CYP2D6	*125	rs369177208	T
CYP2D6	*126	rs1058164	G
CYP2D6	*126	rs1135840	G
CYP2D6	*126	rs16947	A
CYP2D6	*126	rs781457579	A
CYP2D6	*127	rs1058172	T
CYP2D6	*127	rs202102799	C
CYP2D6	*128	rs1058164	G
CYP2D6	*128	rs1135837	G
CYP2D6	*128	rs1135840	G
CYP2D6	*128	rs1456026511	C
CYP2D6	*128	rs16947	A
CYP2D6	*129	rs1058164	G
CYP2D6	*129	rs1135840	G
CYP2D6	*129	rs1180015037	T
CYP2D6	*129	rs16947	A
CYP2D6	*13	rs1135837	G
CYP2D6	*130	rs2146937045	G
CYP2D6	*130	rs747884067	A
CYP2D6	*131	rs17002853	G
CYP2D6	*132	rs1058164	G
CYP2D6	*132	rs1065852	A
CYP2D6	*132	rs1135829	C
CYP2D6	*132	rs1135837	G
CYP2D6	*132	rs1135840	G
CYP2D6	*133	rs1058164	G
CYP2D6	*133	rs1135840	G
CYP2D6	*133	rs16947	A
CYP2D6	*133	rs566108360	T
CYP2D6	*134	rs76088846	T
CYP2D6	*135	rs1058164	G
CYP2D6	*135	rs1135840	G
CYP2D6	*135	rs16947	A
CYP2D6	*135	rs747089665	A
CYP2D6	*136	rs1058164	G
CYP2D6	*136	rs1135840	G
CYP2D6	*136	rs16947	A
CYP2D6	*136	rs3021084	A
CYP2D6	*137	rs1440526469	T
CYP2D6	*138	rs1058164	G
CYP2D6	*138	rs1135840	G
CYP2D6	*138	rs141756339	T
CYP2D6	*138	rs16947	A
CYP2D6	*138	rs28371725	T
CYP2D6	*139	rs1058172	T
CYP2D6	*139	rs1135837	G
CYP2D6	*14	rs1058164	G
CYP2D6	*14	rs1135840	C
CYP2D6	*14	rs16947	T
CYP2D6	*14	rs5030865	A
CYP2D6	*140	rs1135837	G
CYP2D6	*140	rs373813287	A
CYP2D6	*141	rs1058164	G
CYP2D6	*141	rs1135832	G
CYP2D6	*141	rs1135833	C
CYP2D6	*141	rs1135835	C
CYP2D6	*141	rs1135836	G
CYP2D6	*141	rs1135837	G
CYP2D6	*141	rs1135840	G
CYP2D6	*141	rs16947	A
CYP2D6	*141	rs28371735	A
CYP2D6	*141	rs28371736	A
CYP2D6	*141	rs74478221	T
CYP2D6	*141	rs747998333	G
CYP2D6	*141	rs75467367	C
CYP2D6	*141	rs766507177	G
CYP2D6	*141	rs769157652	T
CYP2D6	*142	rs1058164	G
CYP2D6	*142	rs1065852	A
CYP2D6	*142	rs1135837	G
CYP2D6	*142	rs1135840	G
CYP2D6	*142	rs138100349	A
CYP2D6	*143	rs766391487	C
CYP2D6	*143	rs769258	T
CYP2D6	*144	rs377725912	T
CYP2D6	*146	rs1058164	G
CYP2D6	*146	rs1135837	G
CYP2D6	*146	rs1135840	G
CYP2D6	*146	rs16947	A
CYP2D6	*146	rs28371696	T
CYP2D6	*147	rs1058164	G
CYP2D6	*147	rs1065852	A
CYP2D6	*147	rs1135837	G
CYP2D6	*147	rs1135840	G
CYP2D6	*148	rs1058164	G
CYP2D6	*148	rs1135837	G
CYP2D6	*148	rs1135840	G
CYP2D6	*148	rs16947	A
CYP2D6	*148	rs28371696	T
CYP2D6	*148	rs769157652	T
CYP2D6	*149	rs1058164	G
CYP2D6	*149	rs1135837	G
CYP2D6	*149	rs1135840	G
CYP2D6	*149	rs16947	A
CYP2D6	*149	rs59421388	T
CYP2D6	*149	rs61736512	T
CYP2D6	*149	rs76802407	C
CYP2D6	*15	rs28371696	T
CYP2D6	*150	rs1058164	G
CYP2D6	*150	rs1065852	A
CYP2D6	*150	rs1135837	G
CYP2D6	*150	rs1135840	G
CYP2D6	*150	rs150163869	A
CYP2D6	*150	rs16947	A
CYP2D6	*150	rs199535154	G
CYP2D6	*151	rs1459127426	C
CYP2D6	*152	rs1135837	G
CYP2D6	*152	rs140900383	A
CYP2D6	*153	rs567606867	T
CYP2D6	*154	rs1058164	G
CYP2D6	*154	rs1135840	G
CYP2D6	*154	rs16947	A
CYP2D6	*154	rs532668079	T
CYP2D6	*155	rs1058164	G
CYP2D6	*155	rs1135840	G
CYP2D6	*155	rs16947	A
CYP2D6	*155	rs59421388	T
CYP2D6	*155	rs61736512	T
CYP2D6	*155	rs760940331	T
CYP2D6	*156	rs1058164	G
CYP2D6	*156	rs1135840	G
CYP2D6	*156	rs16947	A
CYP2D6	*156	rs536109057	A
CYP2D6	*156	rs59421388	T
CYP2D6	*156	rs61736512	T
CYP2D6	*157	rs1058164	G
CYP2D6	*157	rs1135840	G
CYP2D6	*157	rs16947	A
CYP2D6	*157	rs201006451	A
CYP2D6	*157	rs59421388	T
CYP2D6	*157	rs61736512	T
CYP2D6	*158	rs1058164	G
CYP2D6	*158	rs1135840	G
CYP2D6	*158	rs141824015	G
CYP2D6	*158	rs16947	A
CYP2D6	*158	rs28371725	T
CYP2D6	*159	rs1058164	G
CYP2D6	*159	rs1135840	G
CYP2D6	*159	rs16947	A
CYP2D6	*159	rs373243894	A
CYP2D6	*160	rs1058164	G
CYP2D6	*160	rs1135840	G
CYP2D6	*160	rs16947	A
CYP2D6	*160	rs28371703	T
CYP2D6	*160	rs28371704	C
CYP2D6	*161	rs1058164	G
CYP2D6	*161	rs1135840	G
CYP2D6	*161	rs16947	A
CYP2D6	*162	rs1058164	G
CYP2D6	*162	rs1135840	G
CYP2D6	*162	rs16947	A
CYP2D6	*162	rs769157652	T
CYP2D6	*163	rs1058164	G
CYP2D6	*163	rs1135840	G
CYP2D6	*163	rs16947	A
CYP2D6	*163	rs376636053	G
CYP2D6	*164	rs1058164	G
CYP2D6	*164	rs1135840	G
CYP2D6	*164	rs61736512	T
CYP2D6	*165	rs1058164	G
CYP2D6	*165	rs1135840	G
CYP2D6	*165	rs16947	A
CYP2D6	*165	rs556882139	T
CYP2D6	*165	rs59421388	T
CYP2D6	*165	rs61736512	T
CYP2D6	*166	rs1058164	G
CYP2D6	*166	rs1135840	G
CYP2D6	*166	rs16947	A
CYP2D6	*168	rs118203758	T
CYP2D6	*168	rs755518310	T
CYP2D6	*169	rs1602566413	G
CYP2D6	*17	rs1058164	G
CYP2D6	*17	rs1135840	G
CYP2D6	*17	rs16947	A
CYP2D6	*17	rs28371706	A
CYP2D6	*170	rs3021084	A
CYP2D6	*171	rs1058164	G
CYP2D6	*171	rs1135840	G
CYP2D6	*171	rs16947	A
CYP2D6	*171	rs59421388	T
CYP2D6	*171	rs61736512	T
CYP2D6	*172	rs1058164	G
CYP2D6	*172	rs1135837	G
CYP2D6	*172	rs1135840	G
CYP2D6	*172	rs16947	A
CYP2D6	*172	rs563185985	G
CYP2D6	*172	rs769258	T
CYP2D6	*173	rs1135837	G
CYP2D6	*173	rs1415188318	T
CYP2D6	*174	rs141009491	G
CYP2D6	*175	rs1058164	G
CYP2D6	*175	rs1135840	G
CYP2D6	*175	rs16947	A
CYP2D6	*175	rs59421388	T
CYP2D6	*175	rs769258	T
CYP2D6	*176	rs1135828	T
CYP2D6	*176	rs1135837	G
CYP2D6	*177	rs1058164	G
CYP2D6	*177	rs1065852	A
CYP2D6	*177	rs1135837	G
CYP2D6	*177	rs1135840	G
CYP2D6	*177	rs3915951	A
CYP2D6	*178	rs538707090	T
CYP2D6	*179	rs1058164	G
CYP2D6	*179	rs1135823	A
CYP2D6	*179	rs1135840	G
CYP2D6	*179	rs16947	A
CYP2D6	*18	rs1135837	G
CYP2D6	*180	rs1477736084	T
CYP2D6	*181	rs993385303	T
CYP2D6	*182	rs1058164	G
CYP2D6	*182	rs1135840	G
CYP2D6	*182	rs16947	A
CYP2D6	*183	rs1058164	G
CYP2D6	*183	rs1135840	G
CYP2D6	*183	rs150216909	A
CYP2D6	*183	rs16947	A
CYP2D6	*184	rs1058164	G
CYP2D6	*184	rs16947	A
CYP2D6	*184	rs769258	T
CYP2D6	*185	rs28371703	T
CYP2D6	*185	rs28371704	C
CYP2D6	*19	rs1058164	G
CYP2D6	*19	rs1135837	G
CYP2D6	*19	rs1135840	G
CYP2D6	*19	rs16947	A
CYP2D6	*2	rs1058164	G
CYP2D6	*2	rs1135840	G
CYP2D6	*2	rs16947	A
CYP2D6	*20	rs1058164	G
CYP2D6	*20	rs1135837	G
CYP2D6	*20	rs1135840	G
CYP2D6	*20	rs150163869	A
CYP2D6	*20	rs16947	A
CYP2D6	*20	rs199535154	G
CYP2D6	*21	rs1058164	G
CYP2D6	*21	rs1135837	G
CYP2D6	*21	rs1135840	G
CYP2D6	*21	rs16947	A
CYP2D6	*22	rs138100349	A
CYP2D6	*23	rs267608310	A
CYP2D6	*24	rs949717872	G
CYP2D6	*26	rs1135837	G
CYP2D6	*26	rs1555888899	G
CYP2D6	*27	rs769157652	T
CYP2D6	*28	rs1058164	G
CYP2D6	*28	rs1135840	G
CYP2D6	*28	rs16947	A
CYP2D6	*28	rs72549358	T
CYP2D6	*28	rs78482768	C
CYP2D6	*29	rs1058164	G
CYP2D6	*29	rs1135837	G
CYP2D6	*29	rs1135840	G
CYP2D6	*29	rs16947	A
CYP2D6	*29	rs59421388	T
CYP2D6	*29	rs61736512	T
CYP2D6	*3	rs1135824	C
CYP2D6	*30	rs1058164	G
CYP2D6	*30	rs1135837	G
CYP2D6	*30	rs1135840	G
CYP2D6	*30	rs16947	A
CYP2D6	*31	rs1058164	G
CYP2D6	*31	rs1135840	G
CYP2D6	*31	rs16947	A
CYP2D6	*31	rs267608319	T
CYP2D6	*32	rs1058164	G
CYP2D6	*32	rs1135840	G
CYP2D6	*32	rs16947	A
CYP2D6	*32	rs28371725	T
CYP2D6	*32	rs769157652	T
CYP2D6	*33	rs28371717	A
CYP2D6	*34	rs16947	A
CYP2D6	*35	rs1058164	G
CYP2D6	*35	rs1135840	G
CYP2D6	*35	rs16947	A
CYP2D6	*35	rs769258	T
CYP2D6	*36	rs1058164	G
CYP2D6	*36	rs1065852	A
CYP2D6	*36	rs1135822	T
CYP2D6	*36	rs1135823	A
CYP2D6	*36	rs1135832	G
CYP2D6	*36	rs1135833	C
CYP2D6	*36	rs1135835	C
CYP2D6	*36	rs1135836	G
CYP2D6	*36	rs1135837	G
CYP2D6	*36	rs1135840	G
CYP2D6	*36	rs28371735	A
CYP2D6	*36	rs28371736	A
CYP2D6	*36	rs74478221	T
CYP2D6	*36	rs747998333	G
CYP2D6	*36	rs75467367	C
CYP2D6	*36	rs766507177	G
CYP2D6	*37	rs1058164	G
CYP2D6	*37	rs1065852	A
CYP2D6	*37	rs1135840	G
CYP2D6	*37	rs745365204	T
CYP2D6	*39	rs1058164	G
CYP2D6	*39	rs1135840	G
CYP2D6	*4	rs1058164	G
CYP2D6	*4	rs1058172	T
CYP2D6	*4	rs1065852	A
CYP2D6	*4	rs1135832	G
CYP2D6	*4	rs1135833	C
CYP2D6	*4	rs1135835	C
CYP2D6	*4	rs1135836	G
CYP2D6	*4	rs1135837	G
CYP2D6	*4	rs1135840	G
CYP2D6	*4	rs16947	A
CYP2D6	*4	rs28371703	T
CYP2D6	*4	rs28371704	C
CYP2D6	*4	rs28371735	A
CYP2D6	*4	rs28371736	A
CYP2D6	*4	rs3892097	T
CYP2D6	*4	rs74478221	T
CYP2D6	*4	rs747998333	G
CYP2D6	*4	rs75467367	C
CYP2D6	*4	rs766507177	G
CYP2D6	*40	rs1058164	G
CYP2D6	*40	rs1135840	G
CYP2D6	*40	rs16947	A
CYP2D6	*41	rs1058164	G
CYP2D6	*41	rs1135840	G
CYP2D6	*41	rs16947	A
CYP2D6	*41	rs28371725	T
CYP2D6	*42	rs1058164	G
CYP2D6	*42	rs1135837	G
CYP2D6	*42	rs1135840	G
CYP2D6	*42	rs16947	A
CYP2D6	*43	rs28371696	T
CYP2D6	*44	rs138100349	A
CYP2D6	*44	rs72549349	G
CYP2D6	*45	rs1058164	G
CYP2D6	*45	rs1135840	G
CYP2D6	*45	rs16947	A
CYP2D6	*45	rs28371710	T
CYP2D6	*46	rs1058164	G
CYP2D6	*46	rs1135840	G
CYP2D6	*46	rs16947	A
CYP2D6	*46	rs28371696	T
CYP2D6	*46	rs28371710	T
CYP2D6	*47	rs1058164	G
CYP2D6	*47	rs1065852	A
CYP2D6	*47	rs1135840	G
CYP2D6	*47	rs267608313	A
CYP2D6	*48	rs267608309	A
CYP2D6	*49	rs1058164	G
CYP2D6	*49	rs1065852	A
CYP2D6	*49	rs1135822	T
CYP2D6	*49	rs1135840	G
CYP2D6	*5	rs1135837	G
CYP2D6	*50	rs267608302	G
CYP2D6	*51	rs1058164	G
CYP2D6	*51	rs1135840	G
CYP2D6	*51	rs16947	A
CYP2D6	*51	rs72549348	G
CYP2D6	*52	rs1058164	G
CYP2D6	*52	rs1065852	A
CYP2D6	*52	rs1135840	G
CYP2D6	*52	rs28371733	T
CYP2D6	*53	rs1135822	T
CYP2D6	*53	rs1135823	A
CYP2D6	*54	rs1058164	G
CYP2D6	*54	rs1065852	A
CYP2D6	*54	rs1135840	G
CYP2D6	*54	rs267608297	A
CYP2D6	*55	rs1058164	G
CYP2D6	*55	rs1135840	G
CYP2D6	*55	rs16947	A
CYP2D6	*55	rs1931013246	G
CYP2D6	*56	rs1058164	G
CYP2D6	*56	rs1065852	A
CYP2D6	*56	rs1135837	G
CYP2D6	*56	rs1135840	G
CYP2D6	*56	rs16947	A
CYP2D6	*56	rs72549347	A
CYP2D6	*57	rs1135837	G
CYP2D6	*58	rs1058164	G
CYP2D6	*58	rs1135840	G
CYP2D6	*58	rs16947	A
CYP2D6	*59	rs1058164	G
CYP2D6	*59	rs1135840	G
CYP2D6	*59	rs16947	A
CYP2D6	*59	rs79292917	T
CYP2D6	*6	rs1135840	G
CYP2D6	*62	rs730882251	A
CYP2D6	*64	rs1058164	G
CYP2D6	*64	rs1065852	A
CYP2D6	*64	rs1135840	G
CYP2D6	*65	rs1058164	G
CYP2D6	*65	rs1065852	A
CYP2D6	*65	rs1135840	G
CYP2D6	*65	rs16947	A
CYP2D6	*69	rs1058164	G
CYP2D6	*69	rs1065852	A
CYP2D6	*69	rs1135840	G
CYP2D6	*69	rs16947	A
CYP2D6	*69	rs28371725	T
CYP2D6	*7	rs5030867	G
CYP2D6	*70	rs1058164	G
CYP2D6	*70	rs1135840	G
CYP2D6	*70	rs59421388	T
CYP2D6	*70	rs61736512	T
CYP2D6	*71	rs118203758	T
CYP2D6	*72	rs1058164	G
CYP2D6	*72	rs1065852	A
CYP2D6	*72	rs1135840	G
CYP2D6	*72	rs75386357	T
CYP2D6	*73	rs1058164	G
CYP2D6	*73	rs1135840	G
CYP2D6	*73	rs16947	A
CYP2D6	*73	rs267608308	T
CYP2D6	*74	rs28371703	T
CYP2D6	*75	rs532668079	T
CYP2D6	*8	rs1058164	G
CYP2D6	*8	rs1135840	G
CYP2D6	*8	rs16947	A
CYP2D6	*81	rs1135828	T
CYP2D6	*81	rs367543000	A
CYP2D6	*81	rs77913725	T
CYP2D6	*82	rs28371703	T
CYP2D6	*82	rs28371704	C
CYP2D6	*82	rs74802369	A
CYP2D6	*82	rs76187628	G
CYP2D6	*82	rs78459009	C
CYP2D6	*83	rs1135832	G
CYP2D6	*83	rs1135833	C
CYP2D6	*83	rs1135835	C
CYP2D6	*83	rs1135836	G
CYP2D6	*83	rs1135837	G
CYP2D6	*83	rs1135840	G
CYP2D6	*83	rs28371735	A
CYP2D6	*83	rs28371736	A
CYP2D6	*83	rs74478221	T
CYP2D6	*83	rs747998333	G
CYP2D6	*83	rs75467367	C
CYP2D6	*83	rs766507177	G
CYP2D6	*84	rs1058164	G
CYP2D6	*84	rs1135840	G
CYP2D6	*84	rs148769737	T
CYP2D6	*84	rs16947	A
CYP2D6	*85	rs1058164	G
CYP2D6	*85	rs1135840	G
CYP2D6	*85	rs16947	A
CYP2D6	*86	rs1135828	T
CYP2D6	*86	rs77913725	T
CYP2D6	*87	rs1058164	G
CYP2D6	*87	rs1065852	A
CYP2D6	*87	rs1135840	G
CYP2D6	*87	rs773790593	A
CYP2D6	*88	rs1058164	G
CYP2D6	*88	rs1135840	G
CYP2D6	*88	rs76187628	G
CYP2D6	*89	rs375135093	G
CYP2D6	*90	rs569229126	C
CYP2D6	*91	rs16947	A
CYP2D6	*91	rs28371725	T
CYP2D6	*91	rs774943042	G
CYP2D6	*94	rs1058164	G
CYP2D6	*94	rs1065852	A
CYP2D6	*94	rs1135840	G
CYP2D6	*94	rs748712690	C
CYP2D6	*95	rs1058164	G
CYP2D6	*95	rs1065852	A
CYP2D6	*95	rs1135840	G
CYP2D6	*95	rs77312092	T
CYP2D6	*96	rs763964554	A
CYP2D6	*98	rs1058164	G
CYP2D6	*98	rs1135840	G
CYP2D6	*98	rs16947	A
CYP2D6	*99	rs1058164	G
CYP2D6	*99	rs1065852	A
CYP2D6	*99	rs1135840	G
CYP2D6	*99	rs267608276	G
CYP3A5	*3	rs776746	C
CYP3A5	*6	rs10264272	T
CYP3A5	*8	rs55817950	A
CYP3A5	*9	rs28383479	T
CYP4F2	*10	rs144455532	T
CYP4F2	*11	rs114396708	A
CYP4F2	*12	rs145875499	T
CYP4F2	*13	rs144233412	A
CYP4F2	*14	rs145174239	C
CYP4F2	*15	rs138971789	T
CYP4F2	*17	rs4020346	C
CYP4F2	*18	rs148396222	T
CYP4F2	*19	rs3952537	C
CYP4F2	*2	rs3093105	C
CYP4F2	*20	rs200629062	A
CYP4F2	*21	rs142113670	A
CYP4F2	*22	rs150579280	C
CYP4F2	*22	rs2108622	T
CYP4F2	*23	rs3093200	T
CYP4F2	*23	rs556151888	A
CYP4F2	*3	rs2108622	T
CYP4F2	*4	rs2108622	T
CYP4F2	*4	rs3093105	C
CYP4F2	*5	rs3093200	T
CYP4F2	*6	rs3093153	A
CYP4F2	*7	rs114099324	G
CYP4F2	*8	rs115517770	A
CYP4F2	*9	rs201380574	T
NAT2	*10	rs1208	A
NAT2	*10	rs72554617	A
NAT2	*14	rs1208	A
NAT2	*14	rs1801279	A
NAT2	*15	rs1208	A
NAT2	*15	rs1799930	A
NAT2	*15	rs1801279	A
NAT2	*16	rs1208	A
NAT2	*16	rs1801280	C
NAT2	*19	rs1208	A
NAT2	*19	rs1805158	T
NAT2	*21	rs1208	A
NAT2	*21	rs72466460	T
NAT2	*27	rs1208	A
NAT2	*27	rs375746304	T
NAT2	*29	rs1801279	A
NAT2	*29	rs1801280	C
NAT2	*30	rs1208	A
NAT2	*30	rs1799930	A
NAT2	*30	rs1801280	C
NAT2	*31	rs1801280	C
NAT2	*31	rs45477599	A
NAT2	*32	rs1801280	C
NAT2	*32	rs72466458	A
NAT2	*33	rs139351995	C
NAT2	*33	rs1801280	C
NAT2	*34	rs1799930	A
NAT2	*35	rs1208	A
NAT2	*35	rs1799930	A
NAT2	*35	rs72466457	T
NAT2	*36	rs1208	A
NAT2	*36	rs12720065	G
NAT2	*36	rs1799930	A
NAT2	*37	rs1208	A
NAT2	*37	rs138707146	T
NAT2	*37	rs1799930	A
NAT2	*38	rs1208	A
NAT2	*38	rs1799930	A
NAT2	*38	rs55700793	G
NAT2	*39	rs1208	A
NAT2	*39	rs1799930	A
NAT2	*39	rs56393504	A
NAT2	*4	rs1208	A
NAT2	*40	rs1799931	A
NAT2	*41	rs79050330	T
NAT2	*42	rs56387565	C
NAT2	*43	rs45618543	T
NAT2	*44	rs12720065	G
NAT2	*45	rs72466456	C
NAT2	*46	rs1801279	A
NAT2	*47	rs1208	A
NAT2	*47	rs1801279	A
NAT2	*47	rs45518335	T
NAT2	*48	rs4986996	A
NAT2	*49	rs1801280	C
NAT2	*49	rs79050330	T
NAT2	*5	rs1801280	C
NAT2	*50	rs1208	A
NAT2	*50	rs1799930	A
NAT2	*50	rs200893121	G
NAT2	*51	rs149283608	T
NAT2	*52	rs1208	A
NAT2	*52	rs1799930	A
NAT2	*52	rs369500066	G
NAT2	*53	rs1208	A
NAT2	*53	rs1799930	A
NAT2	*53	rs561124342	C
NAT2	*54	rs1208	A
NAT2	*54	rs72466456	C
NAT2	*55	rs1208	A
NAT2	*55	rs201339185	G
NAT2	*56	rs1208	A
NAT2	*56	rs1799930	A
NAT2	*56	rs532310930	T
NAT2	*57	rs1208	A
NAT2	*57	rs549917500	A
NAT2	*58	rs1208	A
NAT2	*58	rs1799930	A
NAT2	*58	rs183409091	A
NAT2	*59	rs1208	A
NAT2	*59	rs1799931	A
NAT2	*59	rs537007806	A
NAT2	*5G	rs1208	A
NAT2	*6	rs1208	A
NAT2	*6	rs1799930	A
NAT2	*60	rs1208	A
NAT2	*60	rs139512288	C
NAT2	*61	rs1208	A
NAT2	*61	rs200585149	G
NAT2	*62	rs1208	A
NAT2	*62	rs1799930	A
NAT2	*62	rs572750517	G
NAT2	*63	rs1208	A
NAT2	*63	rs1799930	A
NAT2	*63	rs568110818	A
NAT2	*64	rs1208	A
NAT2	*64	rs1799930	A
NAT2	*64	rs539346244	A
NAT2	*65	rs1208	A
NAT2	*65	rs45607939	T
NAT2	*66	rs1208	A
NAT2	*66	rs150329557	T
NAT2	*66	rs1799930	A
NAT2	*67	rs1208	A
NAT2	*67	rs148566670	A
NAT2	*67	rs1799930	A
NAT2	*68	rs1208	A
NAT2	*68	rs1799931	A
NAT2	*68	rs774002627	G
NAT2	*69	rs1801280	C
NAT2	*69	rs375746304	T
NAT2	*7	rs1208	A
NAT2	*7	rs1799931	A
NAT2	*70	rs1801280	C
NAT2	*70	rs761741098	C
NAT2	*71	rs756616433	G
NAT2	*72	rs1464413878	C
NAT2	*72	rs1801280	C
NAT2	*73	rs1801280	C
NAT2	*73	rs910738034	G
NAT2	*74	rs1208	A
NAT2	*74	rs56054745	G
NAT2	*75	rs1801280	C
NAT2	*75	rs2535896050	A
SLCO1B1	*10	rs56199088	G
SLCO1B1	*11	rs55737008	G
SLCO1B1	*14	rs11045819	A
SLCO1B1	*14	rs2306283	G
SLCO1B1	*15	rs2306283	G
SLCO1B1	*15	rs4149056	C
SLCO1B1	*16	rs2306282	G
SLCO1B1	*18	rs34671512	C
SLCO1B1	*19	rs34671512	C
SLCO1B1	*2	rs56101265	C
SLCO1B1	*20	rs2306283	G
SLCO1B1	*20	rs34671512	C
SLCO1B1	*23	rs373327528	A
SLCO1B1	*24	rs11045852	G
SLCO1B1	*24	rs2306283	G
SLCO1B1	*25	rs11045819	A
SLCO1B1	*25	rs11045852	G
SLCO1B1	*25	rs11045853	A
SLCO1B1	*25	rs2306283	G
SLCO1B1	*26	rs142965323	A
SLCO1B1	*27	rs2306283	G
SLCO1B1	*27	rs59113707	G
SLCO1B1	*28	rs11045852	G
SLCO1B1	*28	rs11045853	A
SLCO1B1	*28	rs2306283	G
SLCO1B1	*29	rs140790673	T
SLCO1B1	*29	rs2306283	G
SLCO1B1	*3	rs34671512	C
SLCO1B1	*30	rs2306283	G
SLCO1B1	*30	rs79135870	G
SLCO1B1	*31	rs2306283	G
SLCO1B1	*31	rs59502379	C
SLCO1B1	*32	rs11045819	A
SLCO1B1	*32	rs11045852	G
SLCO1B1	*32	rs2306283	G
SLCO1B1	*33	rs11045852	G
SLCO1B1	*33	rs11045853	A
SLCO1B1	*33	rs139257324	T
SLCO1B1	*33	rs2306283	G
SLCO1B1	*34	rs200995543	T
SLCO1B1	*36	rs1228465562	G
SLCO1B1	*37	rs2306283	G
SLCO1B1	*39	rs183501729	T
SLCO1B1	*39	rs2306283	G
SLCO1B1	*4	rs11045819	A
SLCO1B1	*40	rs34671512	C
SLCO1B1	*40	rs4149056	C
SLCO1B1	*41	rs77271279	T
SLCO1B1	*42	rs141467543	G
SLCO1B1	*42	rs2306283	G
SLCO1B1	*43	rs11045819	A
SLCO1B1	*43	rs11045852	G
SLCO1B1	*43	rs2306283	G
SLCO1B1	*43	rs34671512	C
SLCO1B1	*43	rs74064213	G
SLCO1B1	*44	rs11045852	G
SLCO1B1	*44	rs2306283	G
SLCO1B1	*44	rs74064213	G
SLCO1B1	*45	rs2306283	G
SLCO1B1	*45	rs4149056	C
SLCO1B1	*45	rs71581941	T
SLCO1B1	*47	rs2306283	G
SLCO1B1	*47	rs4149056	C
SLCO1B1	*47	rs72559747	G
SLCO1B1	*48	rs34671512	C
SLCO1B1	*5	rs4149056	C
SLCO1B1	*50	rs200331427	G
SLCO1B1	*50	rs34671512	C
SLCO1B1	*51	rs200994482	A
SLCO1B1	*52	rs2306283	G
SLCO1B1	*52	rs756393362	A
SLCO1B1	*53	rs11045819	A
SLCO1B1	*53	rs2306283	G
SLCO1B1	*53	rs59113707	G
SLCO1B1	*54	rs11045852	G
SLCO1B1	*54	rs201722521	G
SLCO1B1	*54	rs2306283	G
SLCO1B1	*54	rs34671512	C
SLCO1B1	*55	rs11045819	A
SLCO1B1	*55	rs145144129	C
SLCO1B1	*55	rs2306283	G
SLCO1B1	*55	rs59113707	G
SLCO1B1	*56	rs185905373	T
SLCO1B1	*56	rs2306283	G
SLCO1B1	*57	rs2306283	G
SLCO1B1	*57	rs556524705	C
SLCO1B1	*58	rs61760182	A
SLCO1B1	*6	rs55901008	C
SLCO1B1	*8	rs72559748	G
SLCO1B1	*9	rs59502379	C
